name,email,website
LE MÉRIDIEN BARCELONA,Reservas.barcelona@lemeridien.com,www.lemeridienbarcelona.com
MAJESTIC HOTEL & SPA BARCELONA,info@hotelmajestic.es,www.hotelmajestic.es
"MANDARIN ORIENTAL, BARCELONA",mobcn-reservations@mohg.com,www.mandarinoriental.com/barcelona
MERCER HOTEL BARCELONA,info@mercerbarcelona.com,www.mercerbarcelona.com
MONUMENT HOTEL,info@monument-hotel.com,www.monument-hotel.com
SERRAS BARCELONA,reservations@hoteltheserras.com,serrashotel.com
SOFIA BARCELONA,booking@sofiabarcelona.com,www.sofiabarcelona.com
SONDER DO,barcelona@sonder.com,www.sonder.com
THE BARCELONA EDITION,info.bcn@editionhotels.com,www.editionhotels.com
THE ONE BARCELONA,info.hto@hotelstheone.com,www.theonebarcelona.com
W BARCELONA,whateverwhenever.wbarcelona@whotels.com,www.w-barcelona.es
WITTMORE HOTEL,info@thewittmore.com,www.thewittmore.com
BAGUÉS,bagues@derbyhotels.com,www.hotelbagues.com
COTTON HOUSE HOTEL,info@hotelcottonhouse.com,www.hotelcottonhouse.com
GRAND HOTEL CENTRAL BARCELONA,info@grandhotelcentral.com,www.grandhotelcentral.com
HOTEL NERI RELAIS & CHÂTEAUX,info@hotelneri.com,www.hotelneri.com
HYATT REGENCY BARCELONA TOWER,barcelonatower.regency@hyatt.com,hyattregencybarcelonatower.com
INTERCONTINENTAL BARCELONA,reservations@icbarcelona.com,www.barcelona.intercontinental.com
KIMPTON VIVIDORA HOTEL,sales@kimptonvividorahotel.com,www.kimptonvividorahotel.com/us/en/
ME BARCELONA,mebarcelona@melia.com,www.melia.com/es/hoteles/espana/barcelona/
MELIÁ BARCELONA SARRIÀ,melia.barcelona.sarria@melia.com,www.melia.com/es/hoteles/espana/barcelona/melia-barcelona-sarria/index.html
NH COLLECTION BARCELONA GRAN HOTEL CALDERÓN,nhcollectionghcalderon@nh-hotels.com,www.nh-hoteles.es/hotel/nh-collection-barcelona-gran-hotel-calderon
NOBU BARCELONA,consultas-barcelona@nobuhotels.com,barcelona.nobuhotels.com/ca/
OCEAN DRIVE BARCELONA,odbarcelona@od-hotels.com,www.odbarcelona.com
OHLA BARCELONA,info@ohlahotel.com,www.ohlahotel.com
OHLA EIXAMPLE,info@ohlaeixample.com,www.ohlaeixample.com
PRIMERO PRIMERA,hotel@primeroprimera.com,www.primeroprimera.com/
RENAISSANCE BARCELONA HOTEL,rhi.bcndm.info@renhotels.com,www.renaissancebarcelonahotel.com
SIR VICTOR,reservations@sirvictorhotel.com,www.sirhotels.com/en/
SOFITEL BARCELONA SKIPPER,H7341@accor.com,www.pullman-barcelona-skipper.com/es/
SOHO HOUSE BARCELONA,info.barcelona@sohohouse.com,www.sohohouse.com
THE LEVEL at MELIÁ BARCELONA SKY,thelevel.sky@melia.com,www.melia.com/es/hoteles/espana/barcelona/the-level-at-melia-barcelona-sky/index.html
1898,1898@nnhotels.com,www.hotel1898.com/es/
"ALEXANDRA BARCELONA HOTEL, CURIO COLLECTION BY HILTON",contact@hotel-alexandra.com,www.hotel-alexandra.com
CATALONIA PASSEIG DE GRÀCIA,passeigdegracia@hoteles-catalonia.es,www.cataloniahotels.com/es/hotel/catalonia-passeig-de-gracia
CATALONIA RAMBLAS,ramblas@cataloniahotels.com,www.cataloniahotels.com/es/hotel/catalonia-ramblas
CATALONIA SQUARE,square@cataloniahotels.com,www.cataloniahotels.com/es
DUQUESA DE CARDONA,info@hduquesadecardona.com,www.hduquesadecardona.com
GALLERY HOTEL,galleryhotel@galleryhoteles.com,www.galleryhotel.com
GRAN HOTEL HAVANA,recepcion@granhotelhavana.com,www.granhotelhavana.com
GRANADOS 83,granados83@derbyhotels.com,www.hotelgranados83.com
GUITART GRAND PASSAGE,rggp@guitarthotels.com,www.guitarthotels.com/es/hoteles-barcelona-centro/guitart-grand-passage
H10 ART GALLERY,h10.art.gallery@h10hotels.com,www.hotelh10artgallery.com
H10 CASA MIMOSA,H10.casa.mimosa@h10hotels.com,www.hotelh10casamimosa.com
H10 CUBIK,h10.cubik@h10hotels.com,www.hotelh10cubik.com
H10 MADISON,H10.madison@h10hotels.com,www.hotelh10madison.com
H10 METROPOLITAN,comercial.hme@h10hotels.com,www.hotelh10metropolitan.com
H10 PORT VELL,reservas.hpv@h10hotels.com,www.hotelh10portvell.com
HILTON BARCELONA,guest@hiltonbarcelona.com,www.barcelona.hilton.com
HOTEL PORTA FIRA,hotelportafira@h-santos.es,www.hotelbarcelonaportafira.com
HOTEL SB DIAGONAL ZERO BARCELONA,hoteldiagonalzero@sbhotels.es,www.hoteldiagonalzero.com
HOTEL SB GLOW,glow@sbhotels.es,www.hotelsbglow.com
IBEROSTAR SELECTION PASEO DE GRACIA,paseo.de.gracia@iberostar.com,www.iberostar.com/hoteles/barcelona/iberostar-paseo-de-gracia
MELIÁ BARCELONA SKY,melia.sky@melia.com,www.melia.com/es/hoteles/espana/barcelona/melia-barcelona-sky
NEGRESCO PRINCESS,reservas.negresco@princess-hotels.com,www.hotelnegrescoprincess.com
OFELIAS HOTEL BARCELONA,ofeliashotel@bondiahotels.com,www.ofeliashotelbarcelona.com
OLIVIA BALMES,recepcion.balmes@oliviahotels.es,www.oliviabalmeshotel.com/es/
PAXTON BARCELONA,reservations@paxton-bcn.com,paxton-bcn.com/es/
PULITZER BARCELONA,info@hotelpulitzer.es,www.hotelpulitzer.es
RENAISSANCE BARCELONA FIRA HOTEL,fira.recepcion2@cataloniahotels.com,www.renaissancebarcelonafira.com
SEVENTY BARCELONA,seventybarcelona@nnhotels.com,www.seventybarcelona.com
THE MIRROR BARCELONA,info@themirrorbarcelona.com,www.themirrorbarcelona.com/ca
TWO HOTEL BARCELONA BY AXEL,twobarcelona@axelhotels.com,www.axelhotels.com
YURBBAN PASSAGE HOTEL & SPA,passage@yurbban.com,www.yurbban.com
4 BARCELONA,hotel4barcelona@besthotels.es,www.hotel4barcelona.com
ABBA BALMORAL,balmoral@abbahoteles.com,www.abbabalmoralhotelbarcelona.com
ABBA GARDEN HOTEL,garden@abbahoteles.com,www.abbagardenhotel.com
ABBA SANTS,abba-sants@abbahoteles.com,www.abbahoteles.com
AC HOTEL BARCELONA FORUM,recepction.BarcelonaForum@acmarriott.com,www.hotelacbarcelona.com/
AC HOTEL DIAGONAL L'ILLA,acdiagonalilla@ac-hotels.com,www.ac-hotels.com/BCNDL
AC HOTEL SOM by MARRIOTT,acsom@ac-hotels.com,www.hotelacsom.com
AC SANTS,direc.acsants@ac-hotels.com,www.hotelacsants.com
ACEVI VILLARROEL,villarroel@acevihotels.com,www.acevihotels.com
ACTA ATRIUM PALACE,recepcion.atrium@actahotels.com,www.hotel-atriumpalace.com
ACTA CITY47,recepcion.city@actahotels.com,www.hotel-city47.com
ALIMARA BARCELONA HOTEL,alimarahotel@cett.cat,www.alimarahotel.com
AMERICA BARCELONA,america@hotelamericabarcelona.com,www.hotelamericabarcelona.com
ARENAS ATIRAM HOTELS,hotelarenas@atiramhotels.com,www.arenasatiramhotels.com
ATTICA21 BARCELONA MAR,info.bcnmar@attica21hotels.com,www.bcnmar.attica21hotels.com/
AXEL HOTEL BARCELONA & URBAN SPA,barcelona@axelhotels.com,www.axelhotels.com
BAH BARCELONA AIRPORT HOTEL,,
BALMES,balmes@derbyhotels.com,www.hotelbalmes.com/
BARCELONA AEROPUERTO AFFILIATED BY MELIÀ,Barcelona.aeropuerto@melia.com,www.solmelia.com
BARCELONA CATEDRAL,hotel@barcelonacatedral.com,www.barcelonacatedral.com
BARCELONA CENTER,barcelona@hotelescenter.com,www.hotelescenter.es/hotel-barcelona-center/
BARCELONA COLONIAL,colonial@gargallohotels.es,www.gargallohotels.es
BARCELONA GRAN VIA PLAZA ESPAÑA,reception@indigobarcelonaplazaespana.com,www.ihg.com/spnd/hotels/us/es/barcelona/bcndg/hoteldetail
BARCELONA PRINCESS,bcn.reservas@princess-hotels.com,www.hotelbarcelonaprincess.com
BARCELONA UNIVERSAL,bcnuniversal@nnhotels.es,www.hotelbarcelonauniversal.com
BCN URBANESS HOTELS GRAN ROSELLON,reservas@bcnurbangranrosellon.es,www.bcnurbangranrosellon.es
BEL AIR HOTEL,belair@grup-soteras.com,www.grup-soteras.com
BEST FRONT MARÍTIM,frontmaritim@besthotels.es,www.hotelfrontmaritim.com
BEST WESTERN PLUS HOTEL ALFA AEROPUERTO,reservas@hotelalfaaeropuerto.com,www.hotelalfaaeropuerto.com
BEST WESTERN PREMIER HOTEL DANTE,direccion@hoteldante.es,www.bestwestern.com/content/best-western/es_ES/booking-path/hotel-details.92097.html?propertyCode=92097
BRUMMELL,hola@hotelbrummell.com,www.hotelbrummell.com
CASA BONAY,hola@casabonay.com,www.casabonay.com
CATALONIA ATENAS,atenas@cataloniahotels.com,www.cataloniahotels.com/es
CATALONIA BARCELONA 505,barcelona505@cataloniahotels.com,www.cataloniahotels.com/es
CATALONIA BARCELONA PLAZA,plaza@hoteles-catalonia.es,www.hoteles-catalonia.com
CATALONIA BORN,born@cataloniahotels.com,www.cataloniahotels.com/es
CATALONIA CATEDRAL,catedral@cataloniahotels.com,www.cataloniahotels.com
CATALONIA DIAGONAL CENTRO,diagonalcentro.reservas@hoteles-catalonia.es,www.hoteles-catalonia.com
CATALONIA EIXAMPLE 1864,eixample1864@cataloniahotels.com,www.cataloniahotels.com/es
CATALONIA GRACIA,gracia.reservas@cataloniahotels.com,wwww.hoteles-catalonia.com
CATALONIA GRAN VIA BCN,booking@cataloniahotels.com,www.cataloniahotels.com/es
CATALONIA PLAÇA CATALUNYA,catalunya@hoteles-catalonia.es,www.hoteles-catalonia.com
CATALONIA PORT,port@cataloniahotels.com,www.cataloniahotels.com/es
CATALONIA RIGOLETTO,rigoletto@cataloniahotels.com,www.cataloniahotels.com/es
CIUTADELLA BARCELONA,ciutadella@gargallohotels.es,www.gargallohotels.es
COLÓN,info@hotelcolon.es,www.hotelcolonbarcelona.es
CONDES DE BARCELONA,reservas@condesdebarcelona.com,www.condesdebarcelona.com
CRAM,info@hotelcram.com,www.hotelcram.com
DERBY,derby@derbyhotels.com,www.hotelderby.com
EL AVENIDA PALACE,info@avenidapalace.com,www.avenidapalace.com
EUROSTARS MONUMENTAL,direccion@eurostarsmonumental.com,www.eurostarshotels.com
EVENIA ROSSELLÓ,hba.rec@eveniahotels.com,es.eveniahotels.com/ciudad/barcelona/evenia-rossello
EXE CRISTAL PALACE,comercial@eurostarscristalpalace.com,www.exehotels.com/exe-cristal-palace.html
EXE LAIETANA PALACE,reservas@exelaietanapalace.com,www.exelaietanapalace.com
EXPO HOTEL BARCELONA,bookingbcn@expohotels.com,expohotelbarcelona.expohotels.com/
FIRA CONGRESS,reservas@firacongress.com,www.firacongress.com
GRAN DERBY SUITE,granderby@derbyhotels.com,www.hotelgranderby.com
GRAN HOTEL BARCINO,reserve@gargallohotels.es,www.gargallohotels.es
GRAN HOTEL REY DON JAIME,donjaime@grup-soteras.com,www.grup-soteras.com
GRUMS BARCELONA,info@hotelgrumsbarcelona.com,www.hotelgrumsbarcelona.com
GRUPOTEL GRAN VÍA 678,granvia678@grupotel.com,www.grupotel.com
GÓTICO,reserve@gargallohotels.es,www.gargallohotels.es
H10 CASANOVA,h10.casanova@h10hotels.com,www.hotelh10casanova.com
H10 ITACA,h10.itaca@h10hotels.com,www.hotelh10itaca.com
H10 MARINA BARCELONA,h10.marina.barcelona@h10hotels.com,www.hotelh10marinabarcelona.com
H10 UNIVERSITAT,h10.universitat@h10hotels.com,www.hotelh10universitat.com
H10 URQUINAONA PLAZA,reservas.hup@h10hotels.com,www.hotelh10urquinaonaplaza.com
HCC REGENTE,regente@hcchotels.es,www.hcchotels.com
HCC ST. MORITZ,stmoritz@hcchotels.es,www.hcchotels.com
HESPERIA BARCELONA SANT JUST,hhsantjust@hesperia.com,www.hesperia.com/hotel/barcelona/
HESPERIA DEL MAR,hhdelmar@hesperia.com,www.hesperia.com/hotel/barcelona/
HESPERIA PRESIDENTE,hhpresidente@hesperia.com,www.hesperia.com/hotel/barcelona/
HILTON DIAGONAL MAR BARCELONA,bcndm.barcelona@hilton.com,www.hiltondiagonalmarbarcelonahotel.es
HOTEL ARREY ALELLA,recepcion@cmcarreyalella.com,www.hotelarreyalella.com
HOTEL BADALONA TOWER,badalona@rafaelhoteles.com,www.hotelbadalonatower.com
HOTEL BARCELONA CONDAL MAR AFFILIATED BY MELIÁ,Hotel.barcelona.condal.mar@melia.com,www.melia.com/en/hotels/spain/barcelona/hotel-barcelona-condal-mar/index.htm
HOTEL BARCELÓ SANTS,sants@barcelo.com,www.barcelo.com
HOTEL CALIPOLIS,info@hotelcalipolis.com,www.hotelcalipolis.com
HOTEL CASA ELLIOT,hotelcasaelliot@bondiahotels.com,www.bondiahotels.com
HOTEL CONCORDIA BARCELONA,info@hotelconcordiabarcelona.com,www.hotelconcordiabarcelona.com
HOTEL ESPAÑA RAMBLAS,hotelespanya@hotelespanya.com,www.hotelespanya.com
HOTEL EXE CAMPUS,reservas@hotelexecampus.com,www.hotelcampusuab.com
HOTEL GARBI MIL·LENNI,hotelgarbimillenni@hotelesgarbi.com,www.hotel-millenni.com
HOTEL INNSiDE by Meliá Barcelona Apolo,hotel.barcelona.apolo@melia.com,www.melia.com/es/hoteles/espana/barcelona/hotel-barcelona-apolo-by-melia/index.htm
HOTEL MIDMOST,info@hotelmidmost.com,www.hotelmidmost.com/es
HOTEL MÓN SANT BENET,info@monsantbenet.com,monsantbenet.com/ca/
HOTEL PESTANA ARENA BARCELONA,arena.barcelona@pestana.com,www.pestana.com
HOTEL ROGER DE LLÚRIA,hotel@rogerdelluria.com,www.rogerdelluria.com
HOTEL SB ICARIA BARCELONA,reservasicaria@sbhotels.es,www.hotelicariabarcelona.com
HOTEL SB PLAZA EUROPA,reservasplazaeuropa@sbhotels.es,www.hotelsbplazaeuropa.com
HOTEL SIXTYTWO BARCELONA,hotel@sixtytwohotel.com,www.sixtytwohotel.com
HOTEL SORLI EMOCIONS,info@hotelsorliemocions.cat,www.hotelsorliemocions.com
HOTEL VILLA EMILIA BY KATJA & ANTOINE,info@hotelvillaemilia.com,www.hotelvillaemilia.com
IKONIK ANGLÍ,reservas@eurostarsangli.com,www.eurostarshotels.com
IKONIK RAMBLAS,reservas@ikonikramblas.com,www.eurostarshotels.com
ILUNION ALMIRANTE,infoalmirante@ilunionhotels.com,www.ilunionhotels.com
ILUNION BARCELONA,recepcionbarcelona@ilunionhotels.com,www.ilunionhotels.com
ILUNION BEL ART,reservasbelart@ilunionhotels.com,www.ilunionhotels.com
ILUNION LES CORTS SPA,reservaslescorts@ilunionhotels.com,www.ilunionhotels.com
MADANIS,reservas@hotelmadanis.com,www.hotelmadanis.com
MEDINACELI,medinaceli@gargallohotels.es,www.gargallohotels.es
MERCURE BARCELONA CÓNDOR,h9267@accor.com,www.accorhotels.com
NH BARCELONA STADIUM,nhbarcelonastadium@nh-hotels.com,www.nh-hotels.com
NH COLLECTION BARCELONA CONSTANZA,nhcollectionconstanza@nh-hotels.com,www.nh-hoteles.es/hotel/nh-collection-barcelona-constanza
NH COLLECTION BARCELONA PÓDIUM,nhpodium@nh-hotels.com,www.nh-hotels.com
NH SANTS BARCELONA,nhsantsbarcelona@nh-hotels.com,www.nh-hotels.com
NOVOTEL BARCELONA CITY,H5560@accor.com,www.novotel.com
NOVOTEL BARCELONA CORNELLA,H3667@accor.com,www.novotel.com
NOVOTEL BARCELONA SANT JOAN DESPÍ,H3289@accor.com,www.novotel.com
OLIVIA PLAZA HOTEL,recepcion.plaza@oliviahotels.es,www.oliviaplazahotel.es
PETIT PALACE BOQUERÍA GARDEN,boqueriagarden@petitpalace.com,www.petitpalace.com
POL & GRACE HOTEL,friends@polgracehotel.es,www.polgracehotel.es
"RADISSON BLU 1882 HOTEL, BARCELONA SAGRADA FAMILIA",info.barcelona@radissonblu.com,radissonhotels.com/blu
REGINA,bookings@reginahotel.com,www.reginahotel.com
RONDA LESSEPS,lesseps@rondas.com,www.lesseps.rondas.com
ROOM MATE ANNA,,
ROOM MATE CARLA,,
ROOM MATE GERARD,,
ROYAL PASSEIG DE GRÀCIA,info.pg84@royalhotels.es,www.royalpasseigdegraciahotel.com
ROYAL RAMBLAS,info@royalramblashotel.com,www.royalramblashotel.com
SALLES HOTEL MARINA BADALONA,hotelmb@salleshotels.com,www.hotelmarinabadalona.com
SALLES HOTEL PERE IV,hotelpiv@salleshotels.com,www.salleshotels.com
SERCOTEL CASPE,,
SERCOTEL ROSELLÓN,recepcion@sercotelrosellon.com,www.sercotelrosellon.com
SERCOTEL ÁMISTER ART HOTEL,info@hotelamister.com,www.sercotelhoteles.com/hotel-amister-en-barcelona.htm
SERHS RIVOLI RAMBLA,director.rivolirambla@grupserhs.com,www.hotelserhsrivolirambla.com
SILKEN RAMBLAS BARCELONA,silken.ramblas@hoteles-silken.com,www.silkenramblas.com
THE CORNER HOTEL,thecornerhotel@nnhotels.com,www.thecornerhotel-barcelona.com
"THE HOXTON, POBLENOU",hello.poblenou@thehox.com,thehoxton.com/poblenou
U232 HOTEL,u232hotel@nnhotels.com,www.u232hotel.com
"VIA SANTS BARCELONA, TAPESTRY COLLECTION BY HILTON",bcnsa.tapestry@hilton.com,www.hilton.com
VINCCI GALA,gala@vinccihoteles.com,www.vinccihoteles.com
VINCCI MAE,mae@vinccihoteles.com,www.vinccihoteles.com/
VINCCI MARÍTIMO,maritimo@vinccihoteles.com,www.vinccihoteles.com
WILSON BOUTIQUE HOTEL,info@wilsonbcn.com,www.wilsonbcn.com
ZENIT BARCELONA,barcelona@zenithoteles.com,www.zenithoteles.com
ZENIT BORRELL,borrell@zenithoteles.com,www.zenithoteles.com
ZT THE GOLDEN HOTEL BARCELONA,thegoldenhotelbarcelona@zthotels.com,goldenbarcelona.zthotels.com/
ABAT CISNEROS,reserves@larsa-montserrat.com,www.montserratvisita
ABBA RAMBLA,rambla@abbahoteles.com,wwww.abbaramblahotel.com
AC HOTEL IRLA,,
ACTA SPLENDID,recepcion.splendid@actahotels.com,www.hotel-splendid.com
ACTUAL,info@hotelactual.com,www.hotelactual.com
ANDANTE HOTEL,info@andantehotel.com,www.andantehotel.com
ARC LA RAMBLA,info@hotelarclarambla.com,www.hotelarclarambla.com
ARYA STADIUM by Madanis,,
ASTORIA,astoria@derbyhotels.com,www.hotelastoria-barcelona.com
B HOTEL,b-hotel@nnhotels.es,www.b-hotel.com
BARCELONA HOUSE,info@hotel-barcelonahouse.com,www.hotel-barcelonahouse.com
BEST ARANEA,aranea@besthotels.es,www.hotelaranea.com
CALIFORNIA,info@hotelcaliforniabcn.com,www.hotelcaliforniabcn.com
CATALONIA ALBÉNIZ,albeniz@cataloniahotels.com,www.cataloniahotels.com/ca
CATALONIA AVINYÓ,mikado@cataloniahotels.com,www.cataloniahotels.com/es
CATALONIA CASTELLNOU,castellnou@cataloniahotels.com,www.cataloniahotels.com/es
CATALONIA MIKADO,mikado@cataloniahotels.com,www.cataloniahotels.com/es
CATALONIA PARK GÜELL,putxet@cataloniahotels.com,www.cataloniahotels.com/es
CATALONIA PORTAL DE L'ÀNGEL,portaldelangel@hoteles-catalonia.es,wwww.hoteles-catalonia.com
CATALONIA ROMA,roma@cataloniahotels.com,www.cataloniahotels.com/es
CATALONIA SAGRADA FAMILIA,sagradafamilia.reservas@hoteles-catalonia.es,www.hoteles-catalonia.com
CHIC & BASIC BORN,born@chicandbasic.com,www.chicandbasic.com/hotel-barcelona-born/ca/
CIUDAD DE CASTELLDEFELS,cdc-hotel@grup-soteras.com,www.grup-soteras.com
CIUTAT DE BARCELONA,princesa@ciutathotels.com,www.ciutathotels.com
CIUTAT VELLA,info@hotelciutatvella.com,www.ciutathotels.com
CONDADO,hotel@condadohotel.com,www.condadohotel.com
CONDAL,reservas@hotelcondal.es,www.hotelcondal.es
CONTINENTAL BARCELONA,barcelona@hotelcontinental.com,www.hotelcontinental.com
CONTINENTAL PALACETE,palacete@hotelcontinental.com,www.hotelcontinental.com
EUROPARK,heuropark@nnhotels.com,www.hoteleuropark.com
EVENIA ROCAFORT,hba.res@eveniahotels.com,es.eveniahotels.com/ciudad/barcelona/evenia-rocafort
EXE MITRE,reservas@exemitre.com,www.eurostars.com
EXE RAMBLAS BOQUERÍA,info@eurostarsramblasboqueria.com,www.eurostarshotels.com
FOUR POINTS BY SHERATON BARCELONA DIAGONAL,reception@fourpointsbarcelona.com,www.fourpointsbarcelonadiagonal.com
GAUDI,gaudi@hotelgaudibarcelona.com,www.hotelgaudi.es
GRANVÍA,hgranvia@nnhotels.es,www.hotelgranvia.com
GRUPOTEL GRAVINA,gravina@grupotel.com,www.grupotel.com
H10 CATALUNYA PLAZA BOUTIQUE HOTEL,h10.catalunya.plaza@h10hotels.com,www.hotelh10catalunyaplaza.com
H10 MONTCADA BOUTIQUE HOTEL,reservas.hm@h10hotels.com,www.hotelh10montcada.com
H10 RACÓ DEL PI,h10.raco.delpi@h10hotels.com,www.hotelh10racodelpi.com
HCC MONTBLANC,montblanc@hcchotels.es,www.hcchotels.com
HCC TABER,taber@hcchotels.es,www.hcchotels.com
HESPERIA BARRI GÒTIC,hhbarrigotic@hesperia.com,www.hesperia.com/hotel/barcelona/
HOTEL 54 BARCELONETA,recepcion@hotel54barceloneta.es,www.hotel54barceloneta.es/
HOTEL ATLANTIS BY ATBCN,inf@hotelatlantis-atbcn.com,www.hotelatlantis-atbcn.com
HOTEL BEST AUTO HOGAR,autohogar@besthotels.es,www.hotelautohogarbarcelona.com
HOTEL CAMPANILE BARCELONA NORD-BARBERÀ DEL VALLÈS,barcelona.barbera@campanile.com,www.campanile.com
HOTEL CAMPANILE BARCELONA-SUD CORNELLA,barcelona.cornella@campanile.com,www.campanile.com
HOTEL DEL MAR,reserve@gargallohotels.es,www.gargallohotels.es
HOTEL DENIT,info@denit.com,www.denit.com
HOTEL GLÒRIES,info@hotelglories.com,www.hotelglories.com
HOTEL ONIX FIRA,fira@onixhotels.com,www.onixhotels.com
HOTEL ONIX LICEO,liceo@onixhotels.com,www.onixhotels.com
HOTEL RADHA,hotelradhareservas@gmail.com,radhahotelbcn.com/
HOTEL RAMBLAS,info@ramblashoteles.com,www.ramblashoteles.com/barcelona/index.es.html
HOTEL REC,hotelrec@nnhotels.com,www.hotelrecbarcelona.com/
HOTEL SAGRADA FAMILIA,info@hotelsagradafamilia.com,www.hotelsagradafamilia.com
HOTEL SOHO BARCELONA,soho@nnhotels.com,www.hotelsohobarcelona.com
HOTEL VILADOMAT,recepcion.viladomat@aa-hoteles.com,www.aa-hoteles.com
ILUNION AUDITORI,reservasauditori@ilunionhotels.com,www.ilunionhotels.com
JAZZ,jazz@nnhotels.com,www.hoteljazz.com
LEONARDO BOUTIQUE HOTEL BARCELONA SAGRADA FAMILIA,info.sagradafam@leonardo-hotels.com,www.leonardo-hotels.es
LLEÓ,info@hotel-lleo.com,www.hotel-lleo.com
MARGOT HOUSE,hello@margothouse.es,margothouse.es/
NH BARCELONA DIAGONAL CENTER,nhdiagonalcenter@nh-hotels.com,www.nh-hotels.com
NH BARCELONA EIXAMPLE,nheixample@nh-hotels.com,www.nh-hotels.com
NH BARCELONA ENTENZA,nhentenza@nh-hotels.com,www.nh-hotels.com
NH BARCELONA LES CORTS,nhlescorts@nh-hotels.com,www.nh-hotels.es
NOUVEL,info@hotelnouvel.com,www.hotelnouvel.com
ONIX RAMBLA,rambla@onixhotels.com,www.onixramblahotel.com/
ORIENTE ATIRAM HOTELS,hoteloriente@atiramhotels.com,www.orienteatiramhotels.com
PARK HOTEL BARCELONA,info@parkhotelbarcelona.com,www.parkhotelbarcelona.com
RAMBLAS HOTEL Powered by Vincci,ramblashotel@vinccihoteles.com,www.ramblashotelbyvincci.com
RAVAL HOUSE,info@hotel-ravalhouse.com,www.hotel-ravalhouse.com
REDING CROMA,reservas@hotelreding.com,www.hotelreding.com
RIALTO,reserve@gargallohotels.es,www.gargallohotels.es
RONDA HOUSE,info@hotel-rondahouse.com,www.hotelrondahouse.com/
ROOM MATE PAU,,
SANT AGUSTÍ,hotelsa@hotelsa.com,www.hotelsa.com
SERHS CARLIT,info.carlit@grupserhs.com,www.hotelserhscarlit.com
SERHS DEL PORT,info.delport@serhs.com,www.hotelserhsdelport.com
SILKEN ST. GERVASI,stgervasi.booking@hoteles-silken.com,www.hotelstgervasi.com
SM HOTEL SANT ANTONI,santantoni@smhoteles.com,www.hotelbcnsantantoni.com/
SM HOTEL TEATRE AUDITORI,teatreauditori@smhoteles.com,www.hotelteatre-barcelona.com
SONDER LA CASA DEL SOL,barcelona@sonder.com,www.sonder.com
SONDER LE PALACETE BARCELONA,barcelona@sonder.com,www.sonder.com
SUIZO,reserve@gargallohotels.es,www.gargallohotels.es
TRAVELODGE BARCELONA FIRA,barcelona.hospitalet@travelodge.co.uk,www.travelodge.es
TRES TORRES ATIRAM HOTELS,hoteltrestorres@atiramhotels.com,trestorresatiramhotels.com/
TURÍN,reservas@hotelturin.com,www.hotelturin.com
YURBBAN TRAFALGAR HOTEL,trafalgar@yurbban.com,www.yurbban.com
ADAGIO GASTRONÒMIC,info@adagiohotel.com,www.adagiohotel.com
AMREY SANT PAU,hotelsantpau@grupoamrey.com,www.hotelsantpau.com
ANTIBES,info@hotelantibes.net,www.hotelantibes.net
BCN URBANESS HOTELS DEL COMTE,reservas@bcnurbanhotelsdelcomte.es,www.bcnurbanhotelsdelcomte.com
CASA LIT BY ONA HOTELS,recepcion.casalit@onahotels.com,onahotels.com
CASUAL COLOURS BARCELONA,colours@casualhoteles.com,www.casualhoteles.com
CATALUNYA,hcatalunya@hotelcatalunya.net,hcatalunya.com
CONSTANZA,info@hotelconstanza.com,www.hotelconstanza.com
CUATRO NACIONES,h4n@h4n.com,www.h4n.com
HOTEL ACTA VORAPORT,recepcion.voraport@actahotels.com,www.hotelvoraport.com/
HOTEL BCN 40,recepcion.bcn40@actahotels.com,www.hotel-bcn40barcelona.com
IBIS BARCELONA AEROPUERTO VILADECANS,h5006@accor.com,www.ibis.accorhotels.com
IBIS BARCELONA FIRA DE CORNELLA,H3132@accor.com,www.ibishotel.com
IBIS BARCELONA MERIDIANA,h3310-gm@accor.com,www.ibishotel.com
IBIS BARCELONA MOLINS DE REI,h3758@accor.com,www.ibis.com
IBIS BARCELONA MOLLET,H3309@accor.com,www.ibis.com
IBIS BARCELONA MONTMELO GRANOLLERS,H5258@accor.com,www.ibishotel.com
IBIS BARCELONA PL. GLORIES 22@,H5944@accor.com,www.ibishotel.com
IBIS BARCELONA RIPOLLET,h3677@accor.com,www.ibishotel.com
IBIS BARCELONA SANTA COLOMA,h6410@accor.com,www.ibishotel.com
IBIS BUDGET BARCELONA SANT ANDREU DE LA BARCA,H3445@accor.com,www.ibis.com
IBIS STYLES BARCELONA CITY BOGATELL,H9663@ACCOR.COM,www.ibis.com
MESON CASTILLA ATIRAM HOTELS,recepcionmesoncastilla@atiramhotels.com,www.atiramhotels.com/
OASIS,hotel@hoteloasis.es,www.hoteloasis.es
PARAL·LEL,hparalel@nnhotels.com,www.nnhotels.com
PRAKTIK ÈSSENS,reservas@hotelpraktikessens.com,www.hotelpraktikessens.com/
SANTA MARTA,reserve@gargallohotels.es,www.gargallohotels.es
SONDER CASA LUZ,barcelona@sonder.com,www.sonder.com
VIA AUGUSTA,reservas@hotelviaaugusta.com,www.hotelviaaugusta.com
ANETO,aneto@hotelaneto.com,www.hotelaneto.com
BARCELONA CITY HOTEL (HOTEL UNIVERSAL),info@barcelonacityhotel.com,www.barcelonacityhotel.com
CALL,reservas@hotelcall.net,www.hotelcall.net
CASA GRÀCIA,administration@casagraciabcn.com,www.casagraciabcn.com
COLORS,info@hotelcolorsbcn.com,www.hotelcolors.com
COMERCIO,info@hotel-barcelonahouse.com,www.hotel-barcelonahouse.com
EASYHOTEL BARCELONA FIRA,barcelona@easyhotel.com,www.easyhotel.com
EVEREST,Info@hoteleverest.es,www.hoteleverest.es
GENERATOR BARCELONA,ask.barcelona@generatorhostels.com,staygenerator.com/destinations/barcelona
HOTEL BARBARA,,www.hotelbarbarabcn.com
HOTEL RAMBLAS INTERNACIONAL,recepcion@hotelramblasinternacional.com,www.hotelramblasinternacional.com/
INGLÉS,hingles@hotelingles.net,www.hotelingles.net
LLORET,info@hlloret.com,www.hlloret.com
LYON,reserve@gargallohotels.es,www.gargallohotels.es
MARINA FOLCH,mesonbarceloneta@gmail.com,
PASEO DE GRACIA,info@hotelpaseodegracia.es,www.hotelpaseodegracia.es
PELAYO,pelayo@hotelpelayo.com,www.hotelpelayo.com
PENINSULAR,info@hotelpeninsularbarcelona.com,hotelpeninsularbarcelona.com/?lang=es
PRAKTIK BAKERY,direccion@hotelpraktikbakery.com,www.hotelpraktikbakery.com
PRAKTIK VINOTECA,direccion@hotelpraktikvinoteca.com,www.hotelpraktikvinoteca.com
ROMA REIAL,info@hotel-romareial.com,www.hotel-romareial.com
TOLEDANO,reservas@hoteltoledano.com,www.hoteltoledano.com
TRANSIT,hotel@hoteloasis.es,www.hoteltransit.es
TRAVELODGE BARCELONA POBLENOU,barcelona.poblenou@travelodge.co.uk,www.travelodge.es
HESPERIA FIRA SUITES,hhfirasuites@hesperia.com,www.hesperia.com/hotel/barcelona/
ARAI 4*S MONUMENT,arai@derbyhotels.com,www.hotelarai.com
AC VICTORIA SUITES,acvictoriasuites@ac-hotels.com,www.victoriabcn.com
APARTHOTEL MARIANO CUBI,marianocubi@aparthotelmarianocubi.com,www.aparthotelmarianocubi.com
ATENEA BARCELONA APARTHOTEL,reservas.atenea@cityhotels.es,www.aparthotelatenea.com
BARCELONA APARTMENT LA REPÚBLICA,larepublica@barcelona-apartment.com,www.barcelona-apartment.com
CAPRI BY FRASER BARCELONA,Reception.barcelona@capribyfraser.com,www.frasershospitality.com/en/spain/barcelona/capri-by-fraser-barcelona/
CATALONIA PARK PUTXET,putxet@cataloniahotels.com,www.cataloniahotels.com/es
DUQUESA SUITES,info@duquesasuitesbarcelona.com,www.hotelduquesasuitesbarcelona.com
HOTEL & SPA VILLA OLÍMPIC@ SUITES,villaolimpica@zthotels.com,villaolimpica.zthotels.com
MURMURI RESIDENCE MERCADER,info@murmuri.com,www.murmuri.com
ACTA AZUL,azul@actahotels.com,www.actahotels.es/
BARCELONA APARTMENT ALLADA,recep.allada@barcelona-apartment.com,www.barcelona-apartment.com/es/apartments/aparthotel-allada
BARCELONA APARTMENT ARAMUNT,aramunt@barcelona-apartment.com,www.barcelona-apartment.com
BONANOVA SUITE,info@bonanovasuite.com,www.bonanovasuite.com
CITADINES BARCELONA RAMBLAS,barcelona@citadines.com,www.citadines.com
HESPERIA SANT JOAN SUITES,hhsantjoan@nh-hotels.com,www.hesperia.com/es/es/hoteles/espana/barcelona/hesperia-sant-joan.html
PARK SEDÓ BENSTAR HOTEL GROUP,info@parksedo.com,www.parksedo.com
MIDTOWN APARTMENTS,midtownapartments@nnhotels.com,www.midtownapartments-barcelona.com
ONA LIVING BARCELONA,info@barcelonaliving.es,https://www.barcelonaliving.es
APARTHOTEL SENATOR BARCELONA,recepcion@aparthotelsenator.com,www.aparthotelsenator.com
APARTHOTEL SILVER,reservations@hotelsilver.com,www.hotelsilver.com
SIXTIES RAMBLAS,hotel@hotelsixties.com,https://www.hotelsixties.com
ANBA,direccion@anba.es,https://www.anba.es
BARCELONA CITY CENTRE,info@barcelonacitycentre.com,www.barcelonacitycentre.com
BCN URBANESS HOTELS BONAVISTA,reservas@bcnurbanhotelsbonavista.es,https://www.bcnurbanhotelsbonavista.com
BLANC GUESTHOUSE,info@blancguesthouse.com,https://www.blancguesthouse.com
ECO BOUTIQUE HOSTAL GRAU,bookgreen@hostalgrau.com,www.hostalgrau.com
EL JARDÍ,,
HOSTAL BALER,administracion@hostalbaler.com,https://www.hostalbaler.com
HOSTAL BALLESTERO,hostalballestero@hotmail.com,https://www.hostalballestero.com
HOSTAL BARCELONA CENTRO,info@hostalbarcelonacentro.com,www.hostalbarcelonacentro.com
HOSTAL BCN PORT,hostalbcnport@huersa.com,https://www.atiramhotels.com/hoteles/barcelona/hostal-bcn-port/
HOSTAL BENIDORM,oficina@hostalbenidorm.com,www.hostalbenidorm.com
HOSTAL CÈNTRIC,info@hostalcentric.com,https://www.hostalcentric.com
HOSTAL EDEN,hostaleden@hotmail.es,https://www.hostaleden.net
HOSTAL FERNANDO,reservas@hfernando.com,https://www.hfernando.com
HOSTAL GIRONA,lorenzo@hostalgirona.com,https://www.hostalgirona.com
HOSTAL LAMI,lami@hlami.com,www.hostal-lami.com
HOSTAL MARE NOSTRUM,hostal@hostalmarenostrum.com,https://www.hostalmarenostrum.com
HOSTAL OLIVA,info@hostaloliva.com,https://www.hostaloliva.com
HOSTAL RESIDENCIA CAPITOL,reservas@hoteltoledano.com,https://www.hoteltoledano.com
HOSTAL SANS,info@hostalsans.com,www.hostalsans.com
IBIS BUDGET AEROPUERTO VILADECANS,H5449@accor.com,www.ibisbudget.com
MONROOMS BARCELONA,info@monrooms.com,www.monrooms.com
PETIT,info@petit-hotel.net,https://www.petit-hotel.net
PRAKTIK GARDEN,reservas@hotelpraktikgarden.com,www.hotelpraktikgarden.com
PRAKTIK RAMBLA,reservas@hotelpraktikrambla.com,https://www.hotelpraktikrambla.com
RADIO,info@hostalradio.com,hradiobarcelona.com/
SMARTROOM,info@smartroombarcelona.com,https://www.smartroombarcelona.com
COLMENERO,pensioncolmenero@gmail.com,
DRAGONFLYBCN,dragonflybcn@gmail.com,www.dragonflybcn.es
HOSTAL BEJAR,info@hostalbejar.com,https://hostalbejar.com/
HOSTAL GOYA,info@hostalgoya.com,https://www.hostalgoya.com
HOSTAL LA TERRASSA,,
PENSIÓN HOSTAL SAN RAMÓN,info@pensionsanramon.com,https://www.pensionsanramon.com
PENSIÓN MIAMI,miami@rondas.com,https://www.pensionmiamibarcelona.com/home
TURISOL,info@hostel-turisol.com,www.hostalturisol.com
BACHOME GALLERY B&B,reservations@bachomebarcelona.com,https://www.bachomebarcelona.com
BACHOME TERRACE B&B,reservations@bachomebarcelona.com,https://www.bachomebarcelona.com
BOUTIQUE BED AND BREAKFAST,info@boutique-bedandbreakfast.com,www.boutique-bedandbreakfast.com
CASA BELLA GRACIA,info@aspasios.com,https://www.casabellagracia.com
CASA MATHILDA,info@casamathilda.com,https://www.casamathilda.com
COOLROOMS MALDÀ,malda@coolrooms.com,https://www.coolrooms.com
DESTINATIONBCN,info@destinationbcn.com,https://www.destinationbcn.com/
HOSTAL ASLYP114,info@hostalaslyp114.com,www.hostalaslyp114.com
HOSTAL FRONT ARC,,
HOSTAL PETIT PRÍNCEP,info@hostalpetitprincep.com,www.hostalpetitprincep.com
MOSAIC BY ONA HOTELS,recepcion@onahotels-mosaic.com,www.onahotels-mosaic.com
RAMBLAS BY PILLOW,ramblas@bypillow.com,www.bypillow.com
SOM NIT BORN,reservas@hostalsomnitborn.com,www.hostalsomnitborn.com
SOM NIT TRIOMF,reservas@hostalsomnittriomf.com,www.hostalsomnittriomf.com
SONDER VASANTA,barcelona@sonder.com,https://www.sonder.com
SUITES AVENUE APARTMENTS LUXE,suitesavenue@derbyhotels.com,www.suitesavenue.com
CASP74 APARTMENTS,casp74@apartmentscasp74.com,www.apartmentscasp74.com
UP SUITES BCN,info@upsuitesbcn.com,www.upsuitesbcn.com
AINB GOTHIC JAUME I,reservas@ainb.net,www.ainb.net
APARTAMENTOS SATA OLIMPIC VILLAGE AREA,,
APARTAMENTOS SATA PARK GUELL AREA,info@apartamentossata.com,www.apartamentossata.com
APARTMENTS RAMBLA 102,info@apartmentsrambla102.com,www.apartmentsrambla102.com
ARAGO312,,www.arago312.com
ASPASIOS PLAZA REAL APARTMENTS,info@aspasios.com,www.aspasios.com
BARCELONA APARTMENT GRAN DE GRACIA,,
BARCELONA APARTMENT MILA,,
BARCELONA APARTMENT VILLARROEL,,
BONAVISTA APARTMENTS - PASSEIG DE GRACIA,info@bonavista-apartments.com,www.bonavista-apartments.com
BOUTIQUE APARTMENTS 23 BARCELONA,team@23barcelona.com,https://www.23barcelona.com
CASAGRAND LUXURY SUITES,info@casagrand.com,www.casagrand.com
CHARMING FLATS BY ASPASIOS,info@aspasios.com,www.aspasios.com
ERIC VOKEL GRAN VIA SUITES,granvia@ericvokel.com,www.ericvokel.com
HAPPY PEOPLE SAGRADA FAMILIA - SANT PAU,info@happypeoplebarcelona.com,www.happypeoplebarcelona.com
LUGARIS BEACH,info@lugaris.com,www.lugaris.com
LUSTRE,,
MAJESTIC RESIDENCE,info@hotelmajestic.es,www.majesticresidence.es
MH APARTMENTS LICEO,info@mhapartments.com,www.mhapartments.com
PIERRE & VACANCES BARCELONA SANTS,vpl@fr.groupepvcp.com,www.pierrevacances.es
ROCAMORA APARTMENTS,info@rocamoraapartments.com,https://www.rocamoraapartments.com
SENSATION SAGRADA FAMILIA,info@sensation-apartments.com,www.sensation-apartments.com
SERENNIA APARTAMENTOS RAMBLAS PLAÇA CATALUNYA,info@serennia.com,www.serennia.com
